{
  "collection": "SB_ASSET",
  "resolution_px": [
    2048,
    2048
  ],
  "ortho_scale_m": 1.9550000548362731,
  "pixels_per_meter": 1047.5703030972627,
  "pixels_per_centimeter": 10.475703030972626,
  "world_bounds_m": {
    "minimum": [
      -0.25999999046325684,
      -0.1599999964237213,
      0.0
    ],
    "maximum": [
      0.25999999046325684,
      0.1599999964237213,
      1.7000000476837158
    ],
    "extent": [
      0.5199999809265137,
      0.3199999928474426,
      1.7000000476837158
    ]
  },
  "views": {
    "front": {
      "file": "front.png",
      "camera_location": [
        0.0,
        -5.100000381469727,
        0.8500000238418579
      ],
      "ortho_scale_m": 1.9550000429153442
    },
    "back": {
      "file": "back.png",
      "camera_location": [
        0.0,
        5.100000381469727,
        0.8500000238418579
      ],
      "ortho_scale_m": 1.9550000429153442
    },
    "left": {
      "file": "left.png",
      "camera_location": [
        -5.100000381469727,
        0.0,
        0.8500000238418579
      ],
      "ortho_scale_m": 1.9550000429153442
    },
    "right": {
      "file": "right.png",
      "camera_location": [
        5.100000381469727,
        0.0,
        0.8500000238418579
      ],
      "ortho_scale_m": 1.9550000429153442
    },
    "top": {
      "file": "top.png",
      "camera_location": [
        0.0,
        0.0,
        5.950000286102295
      ],
      "ortho_scale_m": 1.9550000429153442
    },
    "bottom": {
      "file": "bottom.png",
      "camera_location": [
        0.0,
        0.0,
        -4.250000476837158
      ],
      "ortho_scale_m": 1.9550000429153442
    }
  }
}